ano;mes;estacao;temporada;qtd_voos;nr_passageiros
2025;1;verão;férias escolares;1192;293408
2025;2;verão;volta às aulas;1036;226756
2025;3;outono;período letivo;1115;262348
2025;4;outono;período letivo;903;233131
2025;5;outono;período letivo;922;224397
2025;6;inverno;período letivo;907;226474
2025;7;inverno;férias escolares;958;237105
2025;8;inverno;volta às aulas;902;231121
2025;9;primavera;período letivo;839;213411
2025;10;primavera;período letivo;889;227340
2025;11;primavera;período letivo;923;225808
2025;12;verão;férias escolares;1102;283720
2026;1;verão;férias escolares;1143;296851
2026;2;verão;volta às aulas;961;230242
2026;3;outono;período letivo;1005;257136
2026;4;outono;período letivo;827;221316
2026;5;outono;período letivo;876;224790
2026;6;inverno;período letivo;877;217090
2026;7;inverno;férias escolares;948;235391
2026;8;inverno;volta às aulas;2;617
