,tipo,nulos,pct_nulos,distintos,pct_distintos
ds_cotran,str,13194,36.2,3,0.0
id_combinada,int64,0,0.0,36412,100.0
nr_voo,int64,0,0.0,463,1.3
sg_empresa_icao,str,0,0.0,39,0.1
dh_partida_real,datetime64[us],0,0.0,21360,58.7
sg_icao_origem,str,0,0.0,18,0.0
sg_icao_destino,str,0,0.0,48,0.1
nr_etapa,int64,0,0.0,5,0.0
nr_escala_destino,int64,0,0.0,7,0.0
nr_passag_pagos,float64,5,0.0,394,1.1
nr_passag_gratis,float64,5,0.0,53,0.1
kg_bagagem_livre,float64,5,0.0,4715,12.9
kg_carga_paga,float64,5,0.0,12543,34.4
kg_bagagem_excesso,float64,5,0.0,244,0.7
kg_carga_gratis,float64,5,0.0,994,2.7
kg_correio,float64,5,0.0,620,1.7
nm_empresa,str,0,0.0,39,0.1
ds_tipo_empresa,str,0,0.0,4,0.0
ds_grupo_di,str,0,0.0,3,0.0
ds_servico_tipo_linha,str,0,0.0,3,0.0
nm_municipio_origem,str,0,0.0,18,0.0
sg_uf_origem,str,0,0.0,13,0.0
nm_municipio_destino,str,0,0.0,46,0.1
nm_pais_destino,str,0,0.0,3,0.0
